Compound,CAS,Frequency_Factor
"N,N,N',N'-Tetramethyl-p-phenylenediamine",100-22-1,0.0898378487259543
Styrene,100-42-5,0.00250727108614983
Benzyl chloride,100-44-7,0.000395687011573845
Benzenemethanethiol,100-53-8,0.0128802140097097
"Benzene, (methylthio)-",100-68-5,0.145127225183546
Quinuclidine,100-76-5,0.0319904028791363
2-(Octyloxy)ethanol,10020-43-6,0.00469577380357678
"Thiophene, 2-bromo-",1003-09-4,0.811102236421725
"1H,2H-Hexafluorocyclopentene",1005-73-8,9.99000999000999e-05
"Isoxazole, 3-phenyl-",1006-65-1,0.0569137879837672
5-Phenyloxazole,1006-68-4,0.195037220843672
(Z)-Dichloropropene,10061-01-5,0.00421390588943514
Cifenline succinate,100678-32-8,0.0109224506007348
"1-Pentanone, 1-phenyl-",1009-14-9,0.000405638373390123
1-benzyl-1H-pyrazole,10199-67-4,0.40115046927036
Triacetin,102-76-1,0.00119142176330421
Tributyl phosphite,102-85-2,0.114126652748782
"1,5-Dibromo-2-(2,4-dibromophenoxy)-3-methoxybenzene",102739-99-1,0.172085089303632
"2-Chloro-3,4-dimethylphenol",10283-15-5,0.0756058481874625
Parbenate,10287-53-3,9.78760888714887e-05
"Acetamide, N-(4-bromophenyl)-",103-88-8,0.415343122565178
"1H,1H,8H-Perfluoro-1-octanol",10331-08-5,0.00627086072620613
"3-Amino-N,N-diethylbenzene-1-sulfonamide",10372-41-5,0.087265093962415
"1,7,7-Trimethylbicyclo[2.2.1]heptan-2-ol",10385-78-1,0.00199600798403194
Anethole,104-46-1,0.086947647719155
3-Phenylprop-2-enal,104-55-2,0.019489043724124
Diethylene glycol monophenyl ether,104-68-7,9.93541977148534e-05
4-Methylbenzaldehyde,104-87-0,0.0161536117037489
1-Methoxy-4-methylbenzene,104-93-8,0.0153283227848101
"2,3,5-Trichlorophenyl methyl sulfone",104380-10-1,0.000597312095569935
"Dibenzo(b,e)(1,4)dioxin, 1,2,3,4-tetrabromo-",104549-41-9,0.107939698492462
"5,6,7,8-Tetrahydroquinoline",10500-57-9,0.00942249240121581
1-(2-Chloroethoxy)butane,10503-96-5,0.000995321986662685
"(2Z)-3,7-dimethylocta-2,6-dienal",106-26-3,0.00130273574506464
3-Heptanone,106-35-4,0.000299550673989017
p-Cresol,106-44-5,0.000400801603206413
4-Chlorophenol,106-48-9,0.0184691358024691
"1-pentanol, 2-ethyl-4-methyl-",106-67-2,0.00276488594845463
3-Octanone,106-68-3,0.027841077974834
"1H-Pyrazole, 4,5-dihydro-5,5-dimethyl-4-(1-methylethylidene)-",106251-09-6,0.00701165317005728
2-Benzylpyrimidine,106564-15-2,0.449393517597932
Tris(3-chloropropyl)phosphate,1067-98-7,0.0900100908173562
1-Chloro-2-bromoethane,107-04-0,0.0464185674269708
"3,5-Dimethyl-1-hexyn-3-ol",107-54-0,0.00299520766773163
4-Chlorophenylhydrazine,1073-69-4,0.339248330176453
"2,3,4-Trimethylbenzoic acid",1076-47-7,0.148809523809524
6-Methoxy-alpha-tetralone,1078-19-9,0.230013040425319
4-Methyl-2-pentanol,108-11-2,0.000201775625504439
m-Xylene,108-38-3,0.00109235352532274
"1,3,5-Trimethylbenzene",108-67-8,0.289965052421368
Toluene,108-88-3,0.000393274997542031
Cyclohexanol,108-93-0,0.00693069306930693
Phenol,108-95-2,0.0129567770017208
2-Isopropoxyethanol,109-59-1,0.63361074902236
"1,3-Dibromopropane",109-64-8,0.579170024174053
1-Chlorobutane,109-69-3,0.00601865783930184
"1,3-Propanedithiol",109-80-8,0.000201511335012594
"Dimethyl 2,2'-sulfanediylbis(hydroxyacetate)",1093758-91-8,0.000296296296296296
Tetrahydrothiophene,110-01-0,0.849554925168737
n-Hexane,110-54-3,0.00207100591715976
2-Chloroethyl vinyl ether,110-75-8,0.0682114555120875
Cyclohexane,110-82-7,0.291691277810593
Cyclohexene,110-83-8,0.000201999798000202
"3,4-Dihydro-2H-pyran",110-87-2,0.000301083902047371
Piperidine,110-89-4,0.234602352003189
2-Octanone,111-13-7,0.497596635289405
"1,5-Dibromopentane",111-24-0,0.00373942137374533
Hexylamine,111-26-2,0.0922610015174507
1-Hexanol,111-27-3,0.0046465645081562
Butyl vinyl ether,111-34-2,0.0026026026026026
Propyl sulfide,111-47-7,0.00208768267223382
1-Heptanol,111-70-6,0.398273612365753
1-Octanamine,111-86-4,0.00152408047144889
Bis(2-chloroethoxy)methane,111-91-1,0.00300180108064839
Nonanoic acid,112-05-0,0.0143082691928163
"Thiophene, 2,3-dihydro-",1120-59-8,0.0205027106949236
Naphthalenetriol,112117-58-5,0.00120506125728058
Dihydrojasmone,1128-08-1,0.0110955617752899
Ethchlorvynol,113-18-8,0.000201979398101394
"2,4-Pentanedione, 3-benzyl- (8CI)",1134-87-8,0.236857825567503
Metyridine,114-91-0,0.0806757972608217
Tribromoacetaldehyde,115-17-3,0.000197433366238894
"2-Butyl-2-ethyl-1,3-propanediol",115-84-4,0.018746916625555
"1,2,3,4-Tetrabromo-5-phenylbenzene",115245-09-5,0.0854038829091641
Rupestonic acid,115473-63-7,0.00340272217774219
Dichloralurea,116-52-9,0.170683524298696
"1,1,3,3,5-Pentamethyl-4,6-dinitro-2,3-dihydro-1H-indene",116-66-5,0.000200742748168222
4-Acetamido-3-ethoxynitrobenzene,116496-76-5,0.00924344418768211
Dichlone,117-80-6,0.000298151460942159
Tetraethylurea,1187-03-7,0.0295308641975309
"Heptanoic acid, 2-methyl-",1188-02-9,0.187411311575106
Methylenecyclohexane,1192-37-6,0.375776397515528
3-Methyl-2-cyclohexen-1-one,1193-18-6,0.00439604356079528
alpha-Fenchone,1195-79-5,0.0188622754491018
N-Propargylbenzylamine,1197-51-9,0.000499550404635828
"1,3-Diphenyl-1,3-propanedione",120-46-7,0.459278505046468
Ethylparaben,120-47-8,0.000802487711906911
4-(Acetylamino)benzenesulfonyl chloride,121-60-8,0.248817312531454
Methyl jasmonate,1211-29-6,0.00361083249749248
Ethyl orthoformate,122-51-0,0.000701051577366049
Methyl styryl ketone,122-57-6,0.126980962822685
Sulfentrazone,122836-35-5,0.204202101050525
2-Octanol,123-96-6,0.150524856407209
4-Maleimidophenyl isocyanate,123457-83-0,0.133054649265905
Aldrin parent,124-96-9,0.00806853272238271
Isobornyl acetate,125-12-2,0.000301841231512225
Sucrose octaacetate,126-14-7,0.311344080704184
Chloroprene,126-99-8,0.082814695844208
"3,4,5,6,9,9-Hexachloro-1a,2,2a,3,6,6a,7,7a-octahydro-2,7:3,6-dimethanonaphtho[2,3-b]oxirene",128-10-9,0.221565879054866
Methyl 3-[(diethoxyphosphorothioyl)oxy]but-2-enoate,128606-48-4,0.139986071037708
5-Methoxy-2-phenyl-1H-imidazole,128666-05-7,0.332195905258932
Iodoantipyrine,129-81-7,0.00251104861390117
Rivastigmine tartrate,129101-54-8,6e-04
Pyraflufen-ethyl,129630-19-9,0.076008064516129
"Sucrose, 6-laurate",13039-40-2,0.0810435472671362
2-Aminoadamantane,13074-39-0,0.0432259355613368
Lansoprazole sulfone,131926-99-3,0.13114591593973
Benzofuran-5-ol,13196-10-6,0.000902165196471532
Perfluoro-2-methyl-3-oxahexanoic acid,13252-13-6,0.459107431340872
Toluene-2-sulphonyl chloride,133-59-5,0.476379152697348
1H-Indole-1-carboxamide,13307-58-9,0.0286913925822253
2-Methyl-1H-indol-5-ol,13314-85-7,0.023773084379145
"1-(3,5-Difluoro-4-hydroxyphenyl)ethan-1-one",133186-55-7,0.0130937880633374
"(2,2-Difluorocyclopropyl)benzene",13343-40-3,0.105521104220844
BOC-L-THIOCITRULLINE-OTBU,133565-49-8,0.00359353164304252
2-Butanone peroxide,1338-23-4,0.0789045001018123
Epoxiconazole,133855-98-8,0.227318446992557
Rimantadine,13392-28-4,0.000100959111559818
DEET,134-62-3,0.230651886504627
"1,2-Benzenediol, 4-(2-propenyl)-, diacetate",13620-82-1,0.0229617641108639
Rasagiline,136236-51-6,0.1995199519952
4-(Trifluoromethyl)pyrimidine,136547-16-5,0.0012012012012012
"Furan, 2-methyl-5-(methylthio)-",13678-59-6,0.0038560411311054
"1,2-Diphenyl tetrachloroethane",13700-81-7,0.534888357256778
Voriconazole,137234-62-9,0.563960515713135
S-(Propyl) chlorothioformate,13889-92-4,0.02917534980649
Tripropionin,139-45-7,0.178898170246619
Estragole,140-67-0,0.478408977056407
"(2E)-3,7-dimethylocta-2,6-dienal",141-27-5,0.0949227373068433
Tetrahydropyran,142-68-7,0.632592001595692
Laurylethanolamide,142-78-9,0.000101194090265129
Butyl ether,142-96-1,0.344469931185798
"1,2-Benzothiazepine",143349-20-6,0.000989902989507028
(2E)-3-Phenylprop-2-enal,14371-10-9,0.125375225135081
1-Furfurylpyrrole,1438-94-4,0.517119482880517
"Benzenemethanol, .alpha.-methyl-, (.alpha.S)-",1445-91-6,0.014365522745411
"1-tert-Butyl-3,4,5-trimethyl-2,6-dinitrobenzene",145-39-1,0.000599221012683511
3-Methylpyrazole,1453-58-3,0.00030060120240481
Indan-5-ol,1470-94-6,0.175758778020234
"1-Propene, 3-propoxy-",1471-03-0,0.00141542816702052
BDE-19,147217-73-0,0.0679309652819587
"1,2-Dibromo-3-(2-bromophenoxy)benzene",147217-74-1,0.517687487366081
"2,2',4-Tribromodiphenyl ether",147217-75-2,0.0180225533628675
BDE-20,147217-76-3,0.370107117829613
BDE-35,147217-80-9,0.595951334219405
BDE-37,147217-81-0,0.00740214966538228
"(2Z)-1,4-Dichlorobut-2-ene",1476-11-5,0.018629209005778
3-(Ethyl(3-methylphenyl)amino)propanenitrile,148-69-6,0.00579304834198961
Thiabendazole,148-79-8,0.147572041080866
(Methylperoxy)benzene,148600-12-8,0.0121939030484758
Oxymetazoline,1491-59-4,0.227136281769061
"Thiophene, 3-(2-nitro-1-propenyl)-",149977-36-6,0.385322037358375
Monuron,150-68-5,0.0447105788423154
4-Methoxyphenol,150-76-5,9.92457324335053e-05
Dimethylbenzylcarbinyl acetate,151-05-3,0.0096
"1,3-Dimethoxybenzene",151-10-0,0.0265495659196447
Methohexital,151-83-7,0.00020046106043901
Zaleplon,151319-34-5,0.0131013306038895
Hexafluoro-2-methyl-2-propanol,1515-14-6,0.290399760741701
Diethyl 2-butenedioate,1520-50-9,0.00445456345278163
"3-Bromo-2,2-bis(bromomethyl)propanol",1522-92-5,0.0131317150815758
"2,2,2-Trifluoroethyl allyl ether",1524-54-5,0.148155533399801
"6,7-Dimethoxyisoquinoline",15248-39-2,0.15073230268511
7H-Perfluoroheptanoic acid,1546-95-8,0.468523002421308
2-OH-benzyl,155174-21-3,0.021187705162638
Chlorotoluron,15545-48-9,0.080799045915325
Cyclohexanethiol,1569-69-3,0.00666868748105487
4-Chloro-2-methylphenol,1570-64-5,0.000405802982651923
Methyl 4-formylbenzoate,1571-08-0,0.383957006369427
"1H-Isoindole-1,3(2H)-dione, 4,5,6,7-tetrachloro-",1571-13-7,0.0386969397828233
"2,3-Quinoxalinedione, 1,4-dihydro-",15804-19-0,0.668482647296207
Rimonabant hydrochloride,158681-13-1,0.225366346639717
"Benzene, 1-(chloromethyl)-4-ethenyl-",1592-20-7,0.204741812336749
(Perfluoro-3-methylbutyl)-2-hydroxypropyl acrylate,16083-76-4,0.32682975141131
Phenylmethanimine,16118-22-2,0.0206226849534488
Rasagiline mesylate,161735-79-1,0.00702881815443318
"3,3'-(p-Phenylene)diacrylic acid",16323-43-6,0.013771080730466
5-Chloro-benzo[b]thiophene-3-carboxylic acid,16361-24-3,0.050055505096377
"2,3,3-Trimethylindolenine",1640-39-7,0.434720229555237
"2,2,2-Trifluoroethanesulfonyl chloride",1648-99-3,0.0405881760499547
4-Bromophenylacetonitrile,16532-79-9,0.137388724035608
"3-[(Diethoxyphosphoryl)oxy]-1,2,3-benzotriazin-4(3H)-one",165534-43-0,0.000200984825645664
Acetaldehyde methylformylhydrazone,16568-02-8,0.834076626799108
1H-Indole-7-carboxylic acid,1670-83-3,0.0172846950055271
Benzoclidine,16852-81-6,0.299807555960701
3-Phenyl-5-methylisoxazole-4-carbonyl chloride,16883-16-2,0.0142727912353
N-propyl-indole,16885-94-2,0.000196425063838146
Hydroxyethylthiomethacrylate,169682-76-2,0.000602288697048785
"(2E,4E)-Hexa-2,4-dien-1-ol",17102-64-6,0.00060380396497937
"4-Ethoxy-1,1,1-trifluoro-3-buten-2-one",17129-06-5,0.433126840662131
Bromociclen,1715-40-8,0.261535361676405
"Benzoxazole, 5-chloro-",17200-29-2,0.0156500802568218
"Ethyl, 2-phenyl-",17203-53-1,0.010239586440004
Dimetamfetamine,17279-39-9,0.149924887330997
SIMes,173035-11-5,0.0298848292295473
"2,2-Bis(trifluoromethyl)propionyl fluoride",1735-87-1,0.33875473957294
6-Chloro-1H-indole,17422-33-2,0.00993975903614458
Nicotinanilide,1752-96-1,0.395314206294053
"3,3-Bis(trifluoromethyl)-2-propenoic acid",1763-28-6,0.100019786307875
Benomyl,17804-35-2,0.0345952357418207
Cyclooctyne,1781-78-8,0.0753637732062218
"4-(1,3-benzothiazol-2-yl)-2-methylaniline",178804-04-1,0.0297744360902256
"1H-Benzimidazole, 2,5-dimethyl- (9CI)",1792-41-2,0.189433507432704
Boschniakine,18070-40-1,0.115713150576083
"Furan, tetrahydro-2-methylene-",18137-88-7,0.00111765901239585
3-Octen-1-ol,18185-81-4,0.000990491283676704
5-Phenyl-1-pentyne,1823-14-9,0.430706386370429
"2,2',3,4,4'-Pentabromodiphenyl ether",182346-21-0,0.0146128351913227
6-Methylpyridin-2-amine,1824-81-3,0.512411705348133
"Thiazole, 4-phenyl-",1826-12-6,0.239666013813009
"3-(2,4-Dinitrophenyl)prop-2-enal",183018-46-4,0.00410657051282051
Benzene hexabromide,1837-91-8,0.274327331580012
"(2S,4R)-(-)-2,4-Dimethylheptan-1-ol",18450-74-3,0.00207489378519909
Spiro(2.5)octane,185-65-9,0.0116185087896545
2-Vinyl(1-bromoperfluoroethane),18599-22-9,0.11738737834855
2-Isobutylthiazole,18640-74-9,0.00019780437147661
"thieno[2,3-d]pyrimidine-2,4-diol",18740-38-0,0.000693481276005548
7-nitrobenzofuran,18761-32-5,9.92851469420175e-05
"4-Octenoic acid, (4E)-",18776-92-6,0.000395100750691426
Ethyl 3-acetyl-4-oxopentanoate,18835-02-4,0.000800160032006401
1-(3-Methoxyphenyl)cyclohexan-1-ol,1884-42-0,0.0692801283336675
BDE-32,189084-60-4,0.0250273115503029
"2,3',4,4'-Tetrabromodiphenyl ether",189084-61-5,0.900699438478968
BDE-75,189084-63-7,0.365682137834037
"2,2',4,4',6-Pentabromodiphenyl ether",189084-64-8,0.659133897461424
"1,2,3,4,5-Pentabromo-6-phenoxybenzene",189084-65-9,0.118226600985222
N-Butyl-p-toluenesulfonamide,1907-65-9,0.159672262190248
"Acetamide, N-[4-[(2-pyridinylamino)sulfonyl]phenyl]-",19077-98-6,0.00140519923717756
Phenoxazinone,1916-63-8,0.000804828973843058
2-phenylacetamidoxime,19227-11-3,0.00543422536655388
"4-Amino-2,6-dinitrotoluene",19406-51-0,0.187563400284033
4-Octyne,1942-45-6,0.0976471776229426
2-Ethynyl pyridine,1945-84-2,0.113132518142957
Variotin,19504-77-9,0.000600781015319916
5-Hydroxyindole,1953-54-4,0.00020224491859642
Chlordimeform hydrochloride,19750-95-9,0.0227613057801737
"Triethylamine, 2-(p-tolyloxy)-",19881-34-6,9.92457324335053e-05
"2,4-Dichloro-1-(2,2-dichloro-1-phenylethenyl)benzene",198886-60-1,0.337466521178455
"Piperazine, 1-(1-adamantyl)-",19984-46-4,0.0222088232338458
Ethyl 3-(4-Fluorophenyl)-3-Oxopropanoate,1999-00-4,2e-04
"1,2,3,4-Tetrachloronaphthalene",20020-02-4,0.0685459338876496
Phenyl valerate,20115-23-5,0.000100381449508131
3-Fluoro-4-(trifluoromethyl)benzaldehyde,204339-72-0,0.260860959920831
Thiomethoxyflurane,2045-53-6,0.0302759579114552
"2,2'-Azobisphenol",2050-14-8,0.000101317122593718
"N-(2,4-Dimethylphenyl)acetamide",2050-43-3,0.297384630919923
2-Phenyloxazole,20662-88-8,0.00689935064935065
"(1,3-Dioxo-1,3-dihydro-2H-isoindol-2-yl)methyl nitrate",208332-52-9,0.00598134630981346
"5,6-Dimethoxyindan-1-one",2107-69-9,0.281735620585267
5-chloro-1H-indole-2-carboxamide,21109-01-3,0.187038722070569
Perillaldehyde,2111-75-3,0.406318517042057
N-phenylacetohydrazide,2116-41-8,0.0182625365755221
"(2E)-2,3-Dibromo-2-butene-1,4-diol",21285-46-1,0.000200140098068648
4-Chlorocatechol,2138-22-9,0.00312248186946011
"Methyl, phenyl-",2154-56-5,0.000198452073824171
Fosthietan,21548-32-3,9.91276764472641e-05
7-Methoxyquinazolin-4-amine,21560-97-4,0.000897576543333001
"1-((2,3-dihydro-1,4-benzodioxin-6-yl)carbonyl)-Piperidine",215923-54-9,0.00966809528555766
"1,6-Dichlorohexane",2163-00-0,0.00219670494258612
Phenyl methacrylate,2177-70-0,0.000101061141990904
Demethylchlordimeform,21787-80-4,0.00496001619597125
2-(4-Pyridyl)benzimidazole,2208-59-5,0.14582918574557
2-Nonen-1-ol,22104-79-6,0.000196753566158387
(5-Methoxy-1H-indol-3-yl)acetaldehyde,22139-72-6,0.0647076582469558
"1-(4-Bromophenyl)-5-mercapto-1,2,3,4-tetrazole",22347-29-1,0.0674939467312349
Etryptamine,2235-90-7,0.240299251870324
3-Aminobiphenyl,2243-47-2,0.000509164969450102
Cyclopentyl propionate,22499-66-7,0.349807964422883
"O,S,S-Trimethyl phosphorodithioate",22608-53-3,0.00121004335988706
"2,4,5-Trimethyl-3-oxazoline",22694-96-8,0.0235458445575177
2-Acetylbenzo[b]thiophene,22720-75-8,0.086706369233875
1-Nitrosoadamantane,22734-10-7,0.00582738872701698
(Z)-Non-6-enal,2277-19-2,0.141197858802141
"3,5-Dichlorophenyl methyl sulfone",22821-89-2,0.177486118122161
"1H-Naphtho(1,2-d)triazole",233-59-0,0.0532644340653881
"Octahydro-4,8a-dimethyl-4a(2H)-naphthol",23333-91-7,0.00872442839951865
N-(6-Hydroxyhexyl)acetamide,23363-92-0,0.0307013143373131
2-Methylbenzyl radical,2348-48-3,0.448357972021034
Anilino radical,2348-49-4,0.000395178818415333
1-Phenylethyl radical,2348-51-8,0.381368556956997
Methyl thioglycolate,2365-48-2,0.000397219463753724
Metrifudil,23707-33-7,0.00389903550174431
"2,6-Dichloropyridine",2402-78-0,0.0435734182252288
"N,N-Diethylphenylacetamide",2431-96-1,0.00439692215449186
"2,2'-Dinitrobiphenyl",2436-96-6,0.0099089180262236
"2,2',4,5'-Tetrabromodiphenyl Ether",243982-82-3,0.0690345172586293
"9H-Indeno[2,1-b]pyridine",244-44-0,0.204777133719768
2-Bromo-4-hydroxyacetophenone,2491-38-5,0.00131074813470458
1H-pyrrolizine,251-59-2,9.8872849515523e-05
Flurogestone acetate,2529-45-5,0.000300963081861958
"1,2-Benzopyran",254-04-6,0.35884973673552
"2H-1,4-Benzoxazine",255-03-8,0.11596689543803
"1,4-Cyclohexane diisocyanate",2556-36-7,0.0224932520243927
7:3 Fluorotelomer alcohol,25600-66-2,0.258953442101074
"Oxacycloundecane-2,11-dione",2561-88-8,0.0290431668987468
"Benzoic acid, 2-(diethylamino)ethyl ester",2572-39-6,0.178742994395516
Benzo[g]quinoxaline,260-50-4,0.00213197969543147
Morantel tartrate,26155-31-7,0.197840647805658
1-Vinylcyclohexene,2622-21-1,0.0185971295734789
2-Mercaptopyridine,2637-34-5,0.000301416658293982
"2-(Perfluoropropoxy)-1H,1H-perfluoropropanol",26537-88-2,0.343851791530945
Clofibride,26717-47-5,0.00302846759539673
1-Hexyl radical,2679-29-0,0.699284490577446
"Naphtho(2,3-b)thiophene",268-77-9,0.531499202551834
"Furo[3,4-b]quinoxaline",269-71-6,0.000594235911656928
Benz(d)isoxazole,271-95-4,0.0125288162774381
"1,2-Benzisothiazole",272-16-2,0.000100160256410256
"Thieno[2,3-d]pyrimidine",272-24-2,9.97207818109294e-05
"thieno[3,2-b]pyridine",272-67-3,0.161605971956017
"1,3-Benzodioxolane",274-09-9,0.40642514011209
Isopropyl phenyl ether,2741-16-4,0.133721513904226
4-Ethyl-2-methoxyphenol,2785-89-9,0.0192249622546553
6:3 Fluorotelomer carboxylic acid,27854-30-4,0.00287612813646732
Heptachlor epoxide A,28044-83-9,0.00911669367909238
2-Methyl-3-furanthiol,28588-74-1,0.0162820897013285
(2S)-3-exo-(Morpholino)isoborneol,287105-48-0,0.000893122953259899
Isobutylmethylxanthine,28822-58-4,0.00010067451927917
1-(1-methylcyclohexyl)ethanone,2890-62-2,0.311537314916029
Thiepine,291-72-5,0.0537569339384771
1-Benzylpyrrolidine,29897-82-3,0.0160602756022603
Butyl dipropasol solvent,29911-27-1,0.001296499451481
"benzene, 2-propenyl-",300-57-2,0.00478712568751273
"2,2,4,4-Tetramethylcyclobutane-1,3-diol",3010-96-6,0.312493646436922
DEHYDROTREMETONE,3015-20-1,0.589246886736509
Chloral hydrate,302-17-0,0.000100492412822832
"2,6-Dimethyloct-6-en-2-ol",30385-25-2,0.1803
"1H-Pyrrole, 2-phenyl- (9CI)",3042-22-6,0.183425414364641
Perfluorooctanamidine,307-31-3,0.0135806222762745
Ethyl L-phenylalanate,3081-24-1,0.00109638193959932
"3,5-Dimethyl-4-aminophenol",3096-70-6,0.0582936949701447
2-Propyloctanoic acid,31080-41-8,0.0220810647307925
Potassium 2-ethylhexanoate,3164-85-0,0.0393945469125902
Mexiletine,31828-71-4,0.00158745907332077
4-(4-Hydroxy-4-methylpentyl)cyclohex-3-ene-1-carbaldehyde,31906-04-4,0.000396353547364249
(2-formylphenyl)methanesulfonyl Chloride,31910-71-1,0.221789105447276
"1,2,5,6-Tetrabromocyclooctane",3194-57-8,0.236245631552671
"2,4-Dichloro-1-(trifluoromethyl)benzene",320-60-5,0.0603070175438597
"3,5-Dichlorosalicylic acid",320-72-9,0.000399760143913652
"Furan, 2-ethyl-",3208-16-0,0.894338871754054
Pentaerythrityl tetrachloride,3228-99-7,0.00039177277179236
4-Ethoxy-4-oxobut-2-enoic acid,3249-53-4,0.0065
3-Indolinone,3260-61-5,0.00876662636033857
BDE-69,327185-09-1,0.410372707552751
"heptanoic acid, 2-ethyl-",3274-29-1,0.00209163346613546
4-Trifluoromethylsalicylic acid,328-90-5,0.029953450718478
"2,2-Dimethylpropanoyl chloride",3282-30-2,0.000702670146556916
"N-Ethyl-3,4-dimethoxyaniline",32953-13-2,0.374409448818898
2-Nitrobenzofuran,33094-66-5,0.000199620720630801
"Piperidine, 1-(2-phenylethyl)-",332-14-9,0.00962492558047231
Pyrantel tartrate,33401-94-4,0.00110165247871808
Endosulfan ether,3369-52-6,0.00410164065626251
BDE-38,337513-54-9,0.0313139582480557
BDE-48,337513-55-0,0.00104727707959306
BDE-41,337513-68-5,0.537805856397914
BDE-57,337513-82-3,0.0378523757346349
"3,4-Dihydro-6,7-dimethoxyisoquinoline",3382-18-1,0.0319744204636291
Enhydrin,33880-85-2,0.000201126307320998
Methyl 5-chloro-o-anisate,33924-48-0,0.000603743207888911
Miconidin,34272-58-7,0.0138665594855305
2-(Perfluorohexyl)ethanethiol,34451-26-8,0.00512872083668544
"1,3-Propanediol, dinitrate (8CI)(9CI)",3457-90-7,0.15400655347036
"3-phenylpyrrolidine-2,5-dione",3464-18-4,0.0377508444267832
C.I. Pigment Orange 5,3468-63-1,0.155041090398878
"Quinoxaline, 1,2,3,4-tetrahydro-",3476-89-9,0.00122000813338756
"1-Phenyl-1,4-dihydropyridine",34865-02-6,0.0134128166915052
Methyl 9-hydroxynonanoate,34957-73-8,0.0103862055056973
1-(4-FLUOROBENZOYL)PYRROLIDINE,349644-07-1,9.97307270370001e-05
Bromochloroiodomethane,34970-00-8,0.27978648403666
"1,8-Divinylperfluorooctane",35192-44-0,0.771013908486192
Indan-5-sulphonamide,35203-93-1,0.0831451850397566
(Perfluoroethyl)methyl iodide,354-69-8,0.206751918158568
"2,2'-Sulfanediyldiethanethiol",3570-55-6,0.118894283166551
"1H,3H-Thiazolo(3,4-a)benzimidazole",35766-04-2,0.0893553223388306
"Ethene, 2-chloro-1,1-difluoro-",359-10-4,0.388844382134989
"1,1,1-Trifluoro-2-hexanone",360-34-9,0.368849166499297
"Benzene, 1,1'-(2,2,2-trifluoroethylidene)bis(4-chloro- (9CI)",361-07-9,0.0572823271568042
N-Phenylhypofluorous amide,36274-75-6,0.034604877061621
"1,3-Bis(isocyanatomethyl)benzene",3634-83-1,0.30930629454874
N-Benzyl-1-phenethylamine,3647-71-0,0.191203052821852
"2,2',3,4'-Tetrachloro-1,1'-biphenyl",36559-22-5,0.0463111467522053
"Trisulfide, dimethyl",3658-80-8,0.000293714509496769
Procarbazine hydrochloride,366-70-1,0.18066892295441
"1,7-Octadiene",3710-30-3,0.0111770524233432
"Hexane, 1-fluoro-",373-14-8,0.479783284839972
Chlordene,3734-48-3,0.399157556915054
Nonachlor,3734-49-4,0.191544263596665
"3,3,4,4-Tetrachlorotetrahydrothiophene 1,1-dioxide",3737-41-5,0.002221100454316
Methyl perfluoroethyl ketone,374-41-4,0.140642303433001
2-(Dimethylamino)phenol,3743-22-4,0.0280571198712792
"7,8-Dihydroquinoline",37624-11-6,0.00539029746456379
"3,3',4-Trichlorobiphenyl",37680-69-6,0.0247569409642177
"1,1'-Biphenyl, 2,3,4,5,6-pentabromo-",38421-62-4,0.027005076142132
"3,4',5-Trichlorobiphenyl",38444-88-1,0.0452101175064728
"3,4,4'-Trichlorobiphenyl",38444-90-5,0.514020576961872
"1,3,5-Tribromo-2-(2,3-dibromophenoxy)benzene",38463-82-0,0.179357193551658
Endosulfan lactone,3868-61-9,0.0439247585155059
"Propane, 1-(methylthio)-",3877-15-4,0.0417952035028361
N-Amylurea,38869-91-9,0.00198000198000198
3-Trifluoromethyl-4-nitroanilide,393-11-3,0.00260939381774388
2-(Diethylamino)benzaldehyde,39529-72-1,0.00361300682456845
"2,2-Diphenylethylamine",3963-62-0,0.000916310323762981
trans-Nonachlor,39765-80-5,0.00015135462388376
8-Nonenal,39770-04-2,0.0428740390301597
"4H-thieno[3,2-b]pyrrole-5-carboxylic acid",39793-31-2,0.00630820066085912
Photomirex,39801-14-4,0.177788795240456
"3H,3H-Perfluoro-2-butanone",400-49-7,0.177145708582834
Quazodine,4015-32-1,0.0091990800919908
Isopropyl glycidyl ether,4016-14-2,0.0992770593625904
"1H-Pyrazol-5-amine, 1-(4-chlorophenyl)-3-methyl-",40401-39-6,0.101076555023923
1-(4-Nitrophenyl)-3-methyltriazene,40643-39-8,0.0243017041443985
"Bis(2,2,2-trifluoroethyl)amine",407-01-2,0.0561628723297563
"1,3-Dibromo-5-(4-bromophenoxy)benzene",407606-57-9,0.0689516937261976
4-Amidinophenyl benzoate,40761-72-6,0.431898934070272
3-Methoxy-1H-2-benzopyran-1-one,4090-69-1,0.00515255607193372
7H-Perfluoroheptanoyl chloride,41405-35-0,0.822682085615744
"2,2',3,6'-Tetrachlorobiphenyl",41464-47-5,0.0766849725411882
Isopropylparaben,4191-73-5,0.0149846184380272
"Carbamic acid, (acetyloxy)phenyl-, 1-methylethyl ester (9CI)",4212-94-6,0.153093812375249
Pentafluoropropionaldehyde,422-06-0,0.1
5:1 Fluorotelomer alcohol,423-46-1,0.0724431818181818
Tybamate,4268-36-4,0.000699720111955218
"Urea, N-heptyl-",42955-46-4,0.161908646003263
Mono(2-ethylhexyl) adipate,4337-65-9,0.392149048520474
"Ethanone, 2,2,2-trifluoro-1-phenyl-",434-45-7,0.0394540201255355
Erucin,4430-36-8,0.262196977381073
Cyclohexanebutanoic acid,4441-63-8,0.000903886712865321
Cyclohexaneethanol,4442-79-9,0.0142771565495208
2-Fluorobenzaldehyde,446-52-6,0.0420369445831253
BDE-23,446254-16-6,0.0058525939886916
BDE-34,446254-17-7,0.0328115593016255
BDE-42,446254-18-8,0.148256399919371
BDE-43,446254-19-9,0.740301186795652
BDE-44,446254-20-2,0.086230876216968
BDE-45,446254-21-3,0.0148597422289613
BDE-46,446254-22-4,0.0635446468905285
BDE-53,446254-25-7,0.37806695142545
BDE-58,446254-29-1,0.566486161251504
BDE-59,446254-30-4,0.893248175182482
BDE-60,446254-31-5,0.174095542674395
BDE-61,446254-32-6,0.56979427997993
BDE-63,446254-34-8,0.000149387511204063
BDE-64,446254-35-9,0.461078441144224
BDE-67,446254-37-1,0.126406487582362
"2,4-Dibromo-1-(3,5-dibromophenoxy)benzene",446254-38-2,0.0286259541984733
BDE-73,446254-41-7,0.483413269384492
BDE-74,446254-42-8,0.0728470212553637
BDE-76,446254-43-9,0.500953145379753
BDE-78,446254-45-1,0.000301340967304505
BDE-88,446254-55-3,0.328346138293571
BDE-89,446254-56-4,0.431896030626637
"1,2,4,5-Tetrabromo-3-(2-bromophenoxy)benzene",446254-60-0,0.0429805181763406
BDE-104,446254-68-8,0.126564392410174
BDE-106,446254-69-9,0.000299535719634566
BDE-109,446254-72-4,0.000766988801963491
BDE-114,446254-77-9,0.644127047542948
BDE-115,446254-78-0,0.000581141943919803
BDE-117,446254-79-1,0.936830513564921
(+)-Deprenyl hydrochloride,4528-52-3,0.0274378207658903
"Benzenesulfonyl fluoride, 4-methyl-",455-16-3,0.0170126582278481
Benzenemethanesulfonamide,4563-33-1,0.117409723623159
3-Pentenenitrile,4635-87-4,0.481222795829537
Benzyl selenocyanate,4671-93-6,0.260555611272691
Buthalital,468-65-5,0.000497859205416708
"1,8-Cineol",470-82-6,0.272854152128402
"Benzenesulfonamide, N,N-dichloro-4-methyl-",473-34-7,0.00327706057596822
Funiculosin (anthraquinone),476-56-2,0.163302199457668
Phenyl 2-pyridyl ether,4783-68-0,0.132990522282718
1H-inden-1-one,480-90-0,0.0454500347325593
Dictamnine,484-29-7,0.00210336538461538
Elemicin,487-11-6,0.0666062071745264
"2,4,6-Trimethylbenzaldehyde",487-68-3,0.000199860097931448
5-Chloro-1H-benzimidazole,4887-82-5,0.0206821119618176
1H-2-Benzopyran-1-one,491-31-6,0.0391665831914254
"4H-1-Benzopyran-4-one, 2,3-dihydro-",491-37-2,0.155094679891794
Isochromane,493-05-0,0.186200662850256
"1,4-Benzodioxin, 2,3-dihydro-",493-09-4,0.00078755660563103
"1,3-Dihydroisobenzofuran",496-14-0,0.613977204559088
Indoline,496-15-1,0.000803616273229533
2-Methyl-2-butenal,497-03-0,0.000797209765819631
"Benzoic acid, 3,5-dimethyl-",499-06-9,0.00287926926131851
"6-(bromomethyl)-3,4-dihydro-2H-1,5-benzodioxepine",499770-96-6,0.710444777611194
"2,5-Cyclohexadien-1-one, 4-[(4-hydroxyphenyl)imino]-",500-85-6,0.684847262828914
Bromomethyl 3-methoxyphenyl ketone,5000-65-7,0.000602107375815354
5-Nonanone,502-56-7,0.0250321559315326
t-Butylchloride,507-20-0,0.0896188963874553
"3,5-Dichlorobenzoic acid",51-36-5,0.470989423742216
Tremorine,51-73-0,0.00914331146889286
trans-Chlordane,5103-74-2,0.0135678391959799
4-Chlorosalicylic acid,5106-98-9,0.32078298212324
"1-Propene, 2,3-dibromo-",513-31-5,0.322367121122308
"2,2-Dimethylvinyl chloride",513-37-1,0.00322255790533736
"1,1-Dichloropropanone",513-88-2,0.000402617010568697
1-(4-Chlorophenyl)imidazole,51581-54-5,0.00149328023892484
"1-Hexanol, 3-mercapto-",51755-83-0,0.220636993871195
Picobenzide,51832-87-2,0.117635290587176
2-(Piperidin-1-yl)pyrimidine,51957-36-9,0.0908453525641026
"1H-Isoindole-1,3(2H)-dione, 2-phenyl-",520-03-6,0.177317097715608
1'-Hydroxysafrole,5208-87-7,0.00164856477889837
"Naphtho[1,2-b]furan-4,5-dione, 2,3-dihydro-2,2-dimethyl-",52436-88-1,0.34419164077378
"2,3-Dimethyl-2,5-cyclohexadiene-1,4 dione",526-86-3,0.147163823879413
C.I. Disperse Orange 30,5261-31-4,0.0220654010535732
"Quinoline, 6-methoxy-",5263-87-6,9.93541977148534e-05
2-Thiophenecarboxylic acid,527-72-0,0.000810783419479072
"4,6-DIMETHOXYPYRIMIDINE",5270-94-0,0.357567812846627
"1,2,3,4-Tetrahydronaphthalen-1-ol",529-33-9,0.180305131761442
2-methoxybenzenesulfonamide,52960-57-3,0.000298210735586481
"4-(p-Tolyl)-1H-1,2,3-triazole",5301-96-2,0.200143325143325
2-Bromo-N-phenylacetamide,5326-87-4,0.493368962787015
"Acetamide, N-(2-chlorophenyl)-",533-17-5,0.000503169970816142
"Acetic acid, 2-methylphenyl ester",533-18-6,0.00751653638003608
Clomethiazole,533-45-9,0.12421922224461
2-Iodophenol,533-58-4,0.0884513364619465
"2,5-Pyrrolidinedione, 1-pentyl- (9CI)",5332-35-4,0.000692452270254229
"1,2-Dithiol-3-thione",534-25-8,0.0180251559869268
"1,5-Benzothiazepin-4(5H)-one, 2,3-dihydro-",53454-43-6,0.0493084786530367
4-Isopropenylcyclohex-1-en-1-ylmethanol,536-59-4,0.000200541461947258
3-Methoxyaniline,536-90-3,0.0139068242773418
"Bis(2,2,2-trifluoroethyl)sulfite",53749-89-6,0.0221800379658308
Benzyl methyl ether,538-86-3,0.000100765820233777
"5-Butyl-5-ethyl-2-sulfanylidenedihydropyrimidine-4,6(1H,5H)-dione",53859-09-9,0.0021797285247201
Lilly 51641,5388-85-2,0.121735636801929
Lodoxamide ethyl,53882-13-6,0.000204457166223676
"1,2-Dichloroethylene",540-59-0,0.0504757135703555
"Ethane-1,2-dithiol",540-63-6,0.271252628416942
N-Ethylvaleramide,54007-33-9,0.243692430917101
Jasmacyclen,5413-60-5,0.0321517723414878
"3,5,5-Trimethylhexanal",5435-64-3,0.00348016307049816
3-Methyl-2-nitrobenzoic acid,5437-38-7,0.00852272727272727
"2,6-Dichloropurine",5451-40-1,0.000603925515853045
"1,2,3-Trichlorodibenzo-p-dioxin",54536-17-3,0.00119569549621363
2-Nitroadamantane,54564-31-7,0.00120627261761158
Conessine,546-06-5,0.366379310344828
"Octanoic acid, 4-methyl-",54947-74-9,0.0062374245472837
Pheniprazine,55-52-7,0.354263642666139
"Acetamide, N-(2-nitrophenyl)-",552-32-9,0.0483338336835785
C.I. Disperse Orange 61,55281-26-0,0.452420865792328
5'-Nitro-2'-propoxyacetanilide,553-20-8,0.000598384362222001
4-Nitrobenzaldehyde,555-16-8,0.000305966343702193
3-Methyl-2-buten-1-ol,556-82-1,0.00921248142644874
"1,2-Dithiolane",557-22-2,0.0369507997570358
Glyoxime,557-30-2,0.125842919476398
"1-Propene, 2-bromo-",557-93-7,0.00180722891566265
"7-Chloro-6-(trifluoromethyl)-1,2,4-benzothiadiazine 1,1-dioxide",55933-18-1,0.208096520091734
"3,4-Dihydro-2H-1-benzopyran-6-ol",5614-78-8,0.0209339774557166
9-Cyclopropylnonanoic acid,5617-97-0,0.0154280528385601
5-Fluorooxindole,56341-41-4,0.00228924056932418
"Indole-2,3-diol",5638-85-7,0.00695704779189353
2H-Perfluoroisobutyric acid,564-10-3,0.01033694463771
1-Benzofuran-2-ol,56685-04-2,0.000803858520900322
2-Dimethylaminopyridine,5683-33-0,0.0302033492822967
"3,4,5-Trimethoxyamphetamine hydrochloride",5688-80-2,0.0033099297893681
"3,5-dimethylbenzamide",5692-35-3,0.0187284875480867
Chlordane,57-74-9,0.000299460970253544
1-tert-Butoxy-2-propanol,57018-52-7,0.000200581686891987
Chroman-7-ol,57052-72-9,0.0524856407209348
"2,3,4,7,8-Pentachlorodibenzofuran",57117-31-4,0.608062930186824
7-Methoxyresorufin,5725-89-3,0.000200160128102482
"1-Hydroxy-2,1-benzoxaborolane",5735-41-1,0.156372934697089
Duryl aldehyde,5779-72-6,0.239261977978375
6-Hydroxyquinoline,580-16-5,0.00672825868648323
Acetyl nitrite,5813-49-0,0.000100381449508131
"1-Pentanol, 2-propyl-",58175-57-8,0.00159600997506234
"2,3-Dimethylpyridine",583-61-9,0.00334448160535117
"1,4-Benzenediol, 2-bromo-",583-69-7,0.00242204056917953
5-Methyl-2-octanone,58654-67-4,0.271676300578035
N-Benzylacetamide,588-46-5,0.0157941790006953
2-Benzoxazolinone,59-49-4,9.88142292490119e-05
Bromoacetonitrile,590-17-0,0.159798994974874
"Pentane, 2,2-dimethyl-",590-35-2,0.000201633229156165
Isobutyl isocyanide,590-94-3,0.000100644122383253
PBB 030,59080-33-0,0.00425195293186987
N-Butylurea,592-31-4,0.000102459016393443
"1,3-Cyclohexadiene",592-57-4,0.111880393337347
"1-Propene, 3,3'-thiobis-",592-88-1,0.225032620696577
Chloroiodomethane,593-71-5,0.100177830468287
"1-[(1R,3S)-1,2,2,3-Tetramethylcyclopentyl]ethan-1-one",59642-07-8,0.259021007136396
"3,5-Dinitrophenyl isocyanate",59776-60-2,0.422412932841034
"1,1,2-Trichloropropane",598-77-6,0.00452898550724638
"2,3,4-Trinitrotoluene",602-29-9,0.00129935032483758
asym-Diphenylurea,603-54-3,0.000201491033649003
"1H-Indole, 1-methyl-",603-76-9,0.00209455415918612
2-Methyl-3-nitroaniline,603-83-8,0.00256805341551104
Methyl o-benzoylbenzoate,606-28-0,0.000300782033286545
"1,3-Dinitronaphthalene",606-37-1,0.00723836332562582
5-(Methylsulfanyl)-1-benzofuran,60770-65-2,0.0599232012934519
Tasimelteon,609799-22-6,0.00069617105917454
"Benzoic acid, 2,4-dimethyl-",611-01-8,0.075647771269731
"Quinoline, 2-chloro-",612-62-4,0.0207626272709124
"2-Naphthalenamine, N-hydroxy-",613-47-8,0.0232581254348474
5-Methylindole,614-96-0,0.0672177935242594
Trimecaine,616-68-2,0.000100160256410256
"3,3'-Dimethoxy-1,1'-biphenyl",6161-50-8,0.332020202020202
Di-tert-butyl ether,6163-66-2,0.00289074960127592
"Pentane, 3-ethyl-",617-78-7,0.00389983579638752
"2-(2,2-Dibromoethenyl)-1,1-dimethylcyclopropane",61775-29-9,0.285082872928177
4-Cyanobenzoic acid,619-65-8,2e-04
"Benzoic acid, 4-(dimethylamino)-",619-84-1,0.0016243654822335
Dibenzyl sulphone,620-32-6,0.0091897233201581
3-Acetamidophenol,621-42-1,0.00060174506067596
Cinnamic acid,621-82-9,0.000100553041729512
"N,N'-Diphenylmethylenediamine",622-14-0,0.289099526066351
Cyclohexyl acetate,622-45-7,0.275116703876598
p-Tolyl isocyanate,622-58-2,0.177344291514011
"Benzene, 1-methyl-4-(methylthio)-",623-13-2,0.000606428138265616
"1,4-Benzenedicarboxaldehyde",623-27-8,0.0168042159689768
"Carbonic acid, dipropyl ester",623-96-1,0.055107927981697
"1,4-Benzenedithiol",624-39-5,0.00822055137844612
2-Methylheptan-2-ol,625-25-2,0.0520925652387986
"2,4-Dimethyl-1H-pyrrole",625-82-1,0.0342001416573915
4-Methylpentan-1-ol,626-89-1,0.13317944600562
"Carbamothioic acid, diethyl-, O-methyl ester",62604-36-8,0.00498156819766863
"2,3-Dimethylindole-4,7-dione",62676-76-0,0.0117481674866955
"Propane, 1-(1-methylethoxy)-",627-08-7,0.000100290843445993
"1,5-Hexadiene, 2,5-dimethyl-",627-58-7,0.207267968592712
"Pentane, 1-iodo-",628-17-1,0.263873501863229
"1,4-Cyclohexadiene",628-41-1,0.00151316453142338
"2-Octanol, 2-methyl-",628-44-4,0.234823147866626
"Ether, methyl pentyl",628-80-8,0.000889152341434499
Ethylene glycol dinitrate,628-96-6,0.000497958370680211
2-Nonanol,628-99-9,0.0790943840047045
1-Octyne,629-05-0,0.578979221303208
Heptanenitrile,629-08-3,0.000300540973752755
1-methoxyheptane,629-32-3,0.629880478087649
Methyl carbazate,6294-89-9,0.00306930693069307
"1,1,1,2-Tetrabromoethane",630-16-0,0.88331153807464
1-Benzothiophene-2-carboxamide,6314-42-7,0.00546665341417354
Tetramethylurea,632-22-4,0.000407871928214541
5-Nitro-2-mercaptobenzimidazole,6325-91-3,0.061989718778349
"1H-Indole-2,3-dione, 6-bromo-",6326-79-0,0.043452082288008
"2,3-Dihydro-2,2-dimethylbenzofuran",6337-33-3,0.183268521288264
2-Pyrrolecarboxylic acid,634-97-9,0.00050155481994182
"1,2,3,4-Tetrahydroquinoline",635-46-1,0.226781425140112
Catechol diacetate,635-67-6,0.00191706185046918
"Formanilide, thio-",637-51-4,0.39616935483871
Thioacetanilide,637-53-6,0.204670192595549
Ethyl t-butyl ether,637-92-3,0.00438028870084619
Ammonium nonanoate,63718-65-0,0.352309236947791
3-Methoxy-1-benzofuran,63923-68-2,9.92555831265509e-05
"Salicylic acid, valerate",64206-54-8,9.99700089973008e-05
Cinflumide,64379-93-7,0.000100050025012506
"2,3,5,6-Tetrafluorobenzoic acid",652-18-6,0.0632415041222602
"2,3,4,5,6-Pentafluorobenzamide",652-31-3,0.00729197882329438
(Pentafluorophenyl)acetic acid,653-21-4,9.89119683481701e-05
(Chloromethyl)pentafluorobenzene,653-35-0,0.000101040719409922
"2',3,4,4',5-Pentachlorobiphenyl",65510-44-3,0.439971963552618
2-Naphthalenecarboxaldehyde,66-99-9,0.233038348082596
"N,N-Di-n-propyldopamine",66185-61-3,0.00142726067896829
"2,2-bis(Trifluoromethyl)-2-hydroxyacetic acid",662-22-6,0.0472972972972973
"1-(4-Chlorophenyl)-4,4-dimethyl-pentan-3-one",66346-01-8,0.000788255000492659
4-Methyloctan-3-ol,66793-80-4,0.595165857605178
Tralomethrin,66841-25-6,1
"3H,3H-Perfluoropentane-2,2,4,4-tetraol",66922-83-6,0.0236479744561964
"1H-Pyrazole, 4-(phenylmethyl)-",66948-38-7,0.160574948665298
"1,4-Bis(methoxymethyl)benzene",6770-38-3,0.000301386377335744
Perfluorosuberic acid,678-45-5,0.0712486143303436
nitro benzoate,6786-32-9,0.18025880228709
"1,1,2,2-Tetrafluoro-3-iodopropane",679-87-8,0.649762602283059
"2,2-Dimethyl-2,3-dihydro-1-benzofuran-7-amine",68298-46-4,0.015954811217917
N-Methyl-bis(trifluoroacetamide),685-27-8,0.114242728184554
"6,7-dinitroquinoxaline",68836-13-5,0.000491642084562439
"3,4-Dimethyl-benzeneacetaldehyde",68844-97-3,0.00309938012397521
"1,1,1,3,3,3-Hexafluoropropane",690-39-1,0.00152780607048279
Tripropargylamine,6921-29-5,0.044294218545051
1-Hexyne,693-02-7,0.132761030145738
2-Chloroethyl ethyl sulfide,693-07-2,0.00190171154038635
2-Decanone,693-54-9,0.377579927154998
Dimethadione,695-53-4,0.541284403669725
"Benzenethiol, p-methoxy-",696-63-9,0.0212366653496642
Cyclohexanepropionic acid,701-97-3,0.000197511356903022
Trolnitrate,7077-34-1,0.0715261514441842
"2-Propanamine, N-ethyl-N-(1-methylethyl)-",7087-68-5,0.0165184243964422
1-Pentanol,71-41-0,9.89511181476351e-05
"Phosphoric acid, 2,2-dichloroethenyl dipropyl ester",71-98-7,0.000592475560383134
Dimethyldiselenide,7101-31-7,0.000100080064051241
Bromodichloroacetic acid,71133-14-7,0.00296882731321128
11-Mercaptoundecanoic acid,71310-21-9,0.898027314112291
Monobromobimane,71418-44-5,0.000100441944556047
"1,4-Cycloheptadiene",7161-35-5,0.0103072348860258
7-Methoxybenzofuran,7168-85-6,0.146881892921596
[4-(Dimethylamino)phenyl]bis[4-(ethylamino)-3-methylphenyl]methylium acetate,72102-55-7,0.081661316211878
"Benzenethiol, 2-methoxy-",7217-59-6,0.0312187312387433
4-Hydroxyfenbendazole,72447-64-4,0.000100532823967025
"o-(2,3,4,5,6-Pentafluorobenzyl)hydroxylamine",72915-12-9,0.00819753086419753
3-Piperidinopropiophenone,73-63-2,0.202046548956661
Xylazine,7361-61-7,0.0826977117623444
"2,2,3,3-Tetrafluoropropyl acrylate",7383-71-3,0.441597740568892
2-(1-Ethylpropyl)pyridine,7399-50-0,0.00249028787727861
Pentylhydroperoxide,74-80-6,0.0248440957553812
3-hydroxyphenyl propanoate,7402-17-7,0.00239162929745889
"1,1'-Biphenyl, 2,3',4,4',5'-pentabromo-",74114-77-5,0.121746016034841
4-Oxononan-1-al,74327-29-0,0.471644803229062
Ethylmethylglycinexylidide,74634-66-5,0.000703446889759823
"1,1,2,3-Tetramethylcyclopropane",74752-93-5,0.00351864883884588
benzylidene thiazolidinedione,74942-62-4,0.000100462125778581
Bromoform,75-25-2,0.000201551950015116
"2,2,2-Tribromoethanol",75-80-9,0.000398366696544169
Chloral,75-87-6,0.0573827851644507
Tribromoacetic acid,75-96-7,0.000499001996007984
2-Aminomethyl-4-tert-butyl-6-propionylphenol,75060-92-3,0.0128140955050556
Monocyclohexyl phthalate,7517-36-4,0.000796892120729156
Ethylene glycol diallyl ether,7529-27-3,0.00172029953450718
"O,O-Dimethyldithiophosphate",756-80-9,9.90295107942167e-05
Quinolin-4(3H)-one,758684-45-6,0.00691868043718039
"2,5-Dimethyl-2,4-hexadiene",764-13-6,0.081712846347607
"1,3,8-Trichlorodibenzofuran",76621-12-0,0.219452640146505
Butethal,77-28-1,0.00030051086847641
Ethyl methylphenylglycidate,77-83-8,0.0199383350462487
Triethyl citrate,77-93-0,0.00030033036339974
Indole-3-carboxylic acid,771-50-6,0.000502008032128514
"Benzene, 1,2-dimethoxy-4-(1-methylethoxy)-",77106-50-4,0.00059506099375186
1-hydroxy-2-naphthohydrazide,7732-44-7,0.0884415980481854
"2,5-Cyclohexadien-1-one, 4-[[4-(acetyloxy)phenyl]imino]-",7761-80-0,0.499593908629442
"3H-Perfluoro-2,2,4,4-tetrahydroxypentane",77953-71-0,0.308284201059259
Tris(2-butoxyethyl) phosphate,78-51-3,0.444868064613224
Linalool,78-70-6,0.00170204245094113
"Propane, 1,2-dibromo-",78-75-1,0.0153815421494207
2-Chlorobutane,78-86-4,0.00020096463022508
"6-Methyl-2,3'-bipyridine",78210-78-3,0.0740557642871268
Dinitropyrene,78432-19-6,0.501662803587625
Ethyl 7-chloro-2-oxoheptanoate,78834-75-0,0.000402333534500101
2-Methylpropanoyl chloride,79-30-1,0.053904282115869
"1,1,2,2-Tetrachloroethane",79-34-5,0.00562531391260673
Pentabromoacetone,79-49-2,0.00209706411024566
1-Methyl-3-propylimidazolium chloride,79917-89-8,0.102007541017018
N-Cyclohexyl-4-methylbenzenesulfonamide,80-30-8,0.0343830974686067
Terpin,80-53-5,0.444811698717949
Perfluoro-4-isopropoxybutanoic acid,801212-59-9,0.0156265551906042
Musk ketone,81-14-1,0.652416168574613
"1,4-Dihydroxyanthracene-9,10-dione",81-64-1,0.0053475935828877
"1,1'-Biphenyl, 2,2',4,4',5-pentabromo-",81397-99-1,0.00471841704718417
"2-Pentene, 3-ethyl-",816-79-5,0.0802450229709035
Cyclizine,82-92-8,0.0740444266559936
Trimethylboroxine,823-96-1,0.0461584573883505
4-Methyloxybenzyl chloride,824-94-2,0.0993157576977259
"8-Quinolinol, 2-methyl-",826-81-3,0.332365602162379
(Pentafluorophenyl)hydrazine,828-73-9,0.0665393506885114
3-Methylindole,83-34-1,0.000300210147102972
2-Hydroxy-3-methylbenzoic acid,83-40-9,0.00611018034887159
Naphazoline,835-31-4,0.277595302080223
Diniconazole,83657-24-3,0.202921914357683
"1,2,3,4,6-Pentachlorodibenzofuran",83704-47-6,0.505291805261566
Diethyl phthalate,84-66-2,0.0310000987264291
Irsogladine maleate,84504-69-8,0.00069888178913738
Arglabin,84692-91-1,0.0296023123691817
1-Naphthalenesulfonyl chloride,85-46-1,0.135825982357658
Pheniramine,86-21-5,9.92260369120857e-05
1-Naphthaleneacetamide,86-86-2,0.108972431077694
3-Methyl-1-p-tolyl-5-pyrazolone,86-92-0,0.31748726655348
Perfluoro(4-methoxybutanoic) acid,863090-89-5,0.00370667200961731
Ethyl anthranilate,87-25-2,0.232606957217113
Phthalide,87-41-2,0.00565085771947528
2-Chlorobenzonitrile,873-32-5,0.0036068530207394
Cyclopropylbenzene,873-49-4,0.0172766305459006
4-Chlorobenzenemethanol,873-76-7,0.00260234210789711
4-Anisonitrile,874-90-8,0.000819840131174421
2-Hydroxy-3-methoxybenzoic acid,877-22-5,0.000197608931923723
3-[(6-Methylpyridin-2-yl)ethynyl]cyclohex-2-en-1-one,880292-10-4,0.103603154007386
"6-Methyl-1H-pyrazolo[3,4-b]pyridine",885269-66-9,0.00188716726261422
"Ethyl 5-oxo-1-phenyl-4,5-dihydro-1H-pyrazole-3-carboxylate",89-33-8,0.0338402658878034
5-Methylsalicylic acid,89-56-5,0.0370892965127998
2-Chlorobenzaldehyde,89-98-5,0.0710976837865055
"2,2'-isopropylidenebis(tetrahydrofuran)",89686-69-1,0.000199760287654814
"1H,1H,8H,8H-Perfluorooctane-1,8-diol",90177-96-1,0.000101419878296146
"1,2-Divinylbenzene",91-14-5,0.0844651531674433
2-Naphthalenethiol,91-60-1,0.218543708741748
Didemethylfenflumizole,91401-22-8,0.429974211465979
"1H,1H,1H,2H-Perfluoro-2-heptanol",914637-05-1,0.431374501992032
Perfluoropinacol,918-21-8,0.0559440559440559
Methacryloyl chloride,920-46-7,0.0156373713380839
2H-Perfluoro-2-propanol,920-66-1,0.0031077694235589
"1,5-Pentanedithiol",928-98-3,0.0353094593239041
Ethyl benzoate,93-89-0,0.0928316123907863
(+/-)-alpha-Methylbenzyl acetate,93-92-5,0.000200863713970071
"1,1'-(1,2-Dichloroethene-1,2-diyl)bis(4-chlorobenzene)",93040-25-6,0.0846417069243156
"4-Bromo-2,7-dimethoxy-3H-phenothiazin-3-one",93211-49-5,0.0654982473710566
"2,2,4,4-Tetramethylcyclobutane-1,3-dione",933-52-8,0.00180396873120866
4-Phenylpyridine,939-23-1,0.009183469754442
"1,2-(Methylenedioxy)-4-propylbenzene",94-58-6,0.517797721085006
o-Ethoxyphenol,94-71-3,0.0565085771947528
MCPB,94-81-5,0.0913822440196177
5-Chlorobenzotriazole,94-97-3,0.0366035115563932
Methyl[1-(2-trifluoromethylpyridin-5-yl)ethyl]-N-cyanosulfoximine,946578-00-3,0.195697848924462
"Ethyl 2,3,4,5-tetrafluorobenzoylacetate",94695-50-8,0.00350105031509453
"1,2,4-Trimethylbenzene",95-63-6,0.355575503690405
5-Chloro-2-methylaniline,95-79-4,0.0581208592652078
"2,5-Dimethylphenol",95-87-4,0.000198294665873488
"7-Isocyanato-2,3-dihydro-1-benzofuran",96219-40-8,0.446469013794523
"Ethyl 2,6-dichloro-5-fluoro-�-oxo-3-pyridinepropionate",96568-04-6,0.00138421989321732
"1,5-Dibromo-3-(2,4-dibromophenoxy)-2-methoxybenzene",96920-28-4,0.225716002403365
Triethylborane,97-94-9,0.0130640136669681
4-tert-Butylphenol,98-54-4,0.00463943519919314
alpha-Terpineol,98-55-5,0.101727254468769
Cumene,98-82-8,0.00117901355865592
alpha-Methylstyrene,98-83-9,0.321154622527251
Acetophenone,98-86-2,9.94629003381739e-05
Nitrobenzene,98-95-3,0.000200521355524363
Anpirtoline,98330-05-3,0.00130784708249497
4-Methoxymethylcyclohexanemethanol,98955-27-2,0.391702318177296
dl-Carvone,99-49-0,0.157250845434653
1-(4-Chlorophenyl)ethanone,99-91-2,0.268867455503629
Toluene-4-isocyanate-2-amine,99626-88-7,0.000502815768302494
