Compound,CAS,Frequency_Factor
Methenamine,100-97-0,0.00218992633884133
4-(2-Phenylpropan-2-yl)-N-[4-(2-phenylpropan-2-yl)phenyl]aniline,10081-67-1,0.0403980099502488
2-Methoxybenzenesulfonyl chloride,10130-87-7,9.8570724494825e-05
"1,5-Dibromo-2-(2,4-dibromophenoxy)-3-methoxybenzene",102739-99-1,9.97307270370001e-05
"1H,1H,8H-Perfluoro-1-octanol",10331-08-5,0.000902074771975544
"Dibenzo(b,e)(1,4)dioxin, 1,2,3,4-tetrabromo-",104549-41-9,0.0123789557751822
Ebselen diselenide,106663-84-7,0.000913427382523089
4-Methyl-2-pentanone,108-10-1,9.8833761612967e-05
Isopropyl ether,108-20-3,0.000297059114763838
Cyclohexanol,108-93-0,0.000100593501659793
Phenol,108-95-2,0.000495000495000495
"4,5,6,7-Tetrabromo-1,1,3-trimethyl-3-(2,3,4,5-tetrabromophenyl)-2,3-dihydro-1H-indene",1084889-51-9,0.701094527363184
Tetrahydrothiophene,110-01-0,0.000699510342760068
Pentan-1-amine,110-58-7,9.96115150911445e-05
1-Hexanol,111-27-3,0.00111010192754062
"1,2,3,4-Tetrabromo-5-phenylbenzene",115245-09-5,0.000100452034153692
Dichloralurea,116-52-9,0.000505050505050505
"1,1,3,3,5-Pentamethyl-4,6-dinitro-2,3-dihydro-1H-indene",116-66-5,0.000701895116815402
"9,10-Anthracenedione, 1-amino-4-hydroxy-",116-85-8,0.000102722136620442
"Bis(2,4,6-trichlorophenyl)oxalate",1165-91-9,0.0135924285138945
"1,1':3',1'':4'',1'''-Quaterphenyl",1166-19-4,0.0184928797468354
"1,2,4,5-Tetrabromo-3-(2,4,6-tribromophenoxy)benzene",116995-32-5,0.201508412299362
BDE-147,116995-33-6,0.129949639577367
"Benzene, 1,2,3,5-tetrabromo-4-(2,4,6-tribromophenoxy)-",117948-63-7,0.187125748502994
Dichlorprop,120-36-5,0.00312122432541281
Duokvin,120509-24-2,0.0239277204130262
2-Phenoxyethanol,122-99-6,0.00180722891566265
4-Heptanone,123-19-3,0.0059659938351397
Aldrin parent,124-96-9,9.92851469420175e-05
Lutein,127-40-2,0.726220688255
Dimethyl phthalate,131-11-3,0.0143219908583037
Aurofusarin,13191-64-5,0.000100180324584252
Perfluoro-2-methyl-3-oxahexanoic acid,13252-13-6,0.00030309153364316
"1H-Benzotriazole, 1-methyl-",13351-73-0,9.9039318609488e-05
2-Butanone peroxide,1338-23-4,0.019256106212628
Dechlorane Plus,13560-89-9,0.779131303045432
"1,2-Diphenyl tetrachloroethane",13700-81-7,9.90785693054592e-05
"2,3-Bis(3-indolylmethyl)indole",138250-72-3,0.00120554550934298
Zeaxanthin,144-68-3,0.796080771908883
BM 15.0639,144583-97-1,0.402865444344254
"1-tert-Butyl-3,4,5-trimethyl-2,6-dinitrobenzene",145-39-1,0.000100573267625465
BDE-19,147217-73-0,0.000490244141582508
"1,2-Dibromo-3-(2-bromophenoxy)benzene",147217-74-1,0.000708215297450425
"2,2',4-Tribromodiphenyl ether",147217-75-2,0.000405844155844156
BDE-20,147217-76-3,0.000796971508268579
"1,3-Dibromo-5-(3-bromophenoxy)benzene",147217-79-6,0.00187821273230526
BDE-35,147217-80-9,0.00100411687920474
BDE-37,147217-81-0,0.000600540486437794
7H-Perfluoroheptanoic acid,1546-95-8,0.0133879508442402
"2,4,6-Tribromodiphenyl ether",155999-95-4,0.000602772754671489
"N,N-Bis(4-tert-octylphenyl)amine",15721-78-5,0.282969520168997
"(1,1'-Biphenyl)-4-ol, 2,2',3,3',4',5,5'-heptachloro-",158076-64-3,0.000299940011997601
"(1,1'-Biphenyl)-4-ol, 2,2',3,4',5,5',6-heptachloro-",158076-68-7,0.000687217749852739
(Perfluoro-3-methylbutyl)-2-hydroxypropyl acrylate,16083-76-4,0.000496277915632754
2-(Allylthio)pyrazine,164352-89-0,0.000398763832120427
"2H-1-Benzopyran-6-ol, 3,4-dihydro-2,5,7,8-tetramethyl-2-(4,8,12-trimethyl-3,7,11-tridecatrien-1-yl)-",1721-51-3,0.828017198280172
"3,3-Bis(trifluoromethyl)-2-propenoic acid",1763-28-6,9.98601957259836e-05
"N~9~,N~9~,N~10~,N~10~-Tetrakis(4-methylphenyl)anthracene-9,10-diamine",177799-16-5,0.846912090122712
"C.I. Pigment Red 52, calcium salt (1:1)",17852-99-2,0.0316638454645026
"2,2',3,4,4'-Pentabromodiphenyl ether",182346-21-0,0.000195102916788606
"2,2',3,4,4',5'-Hexabromodiphenyl Ether",182677-30-1,0.14812197092084
Benzene hexabromide,1837-91-8,0.000100391526955125
"2,3,4,5,6,8-Hexachlorodecane",1852481-27-6,0.00118401578687716
"1,4,5,6,7,7-Hexachloro-2,2-bis(chloromethyl)-3-methylidenebicyclo[2.2.1]heptane",1852481-29-8,0.000199461454074
"1,3-Dibromo-2-(2,4-dibromophenoxy)benzene",189084-57-9,0.00209413641802952
BDE-166,189084-58-0,0.100507911701504
BDE-32,189084-60-4,0.000305810397553517
BDE-75,189084-63-7,0.00629811056682995
"1,2,3,4,5-Pentabromo-6-phenoxybenzene",189084-65-9,0.009013470681458
"2,3',4,4',6-Pentabromodiphenyl Ether",189084-66-0,0.0385813322616297
"2,4-Dichloro-1-(2,2-dichloro-1-phenylethenyl)benzene",198886-60-1,0.000302969097152091
"1,2,3,4-Tetrachloronaphthalene",20020-02-4,0.000199541055572184
"Sucrose, 1-myristate",200615-17-4,9.97904400758407e-05
"2,2',4,4',5,6'-Hexabromodiphenyl ether",207122-15-4,0.0083757104397248
"2,2',3,4,4',5',6-Heptabromodiphenyl ether",207122-16-5,0.198183652875883
"(1,2)Dithiolo(1,5-b)(1,2)dithiole-7-s(iv), 2,5-dimethyl-",2080-35-5,0.0360876558102131
Elsibucol,216167-95-2,0.896510468594217
"Bis(2,6-diisopropylphenyl)carbodiimide",2162-74-5,0.967314399601395
"N-[2,6-Di(propan-2-yl)phenyl]-N'-{4-[(4-nitrophenyl)sulfanyl]phenyl}urea",228544-65-8,0.000994727941907888
Perfluoroazelaic acid,23453-64-7,0.00111595820229279
11-Aminoundecanoic acid,2432-99-7,0.000705787457148619
"2,2',4,5'-Tetrabromodiphenyl Ether",243982-82-3,0.00659011482775836
BDE-140,243982-83-4,0.126650124069479
"Pyrrolo[2,3-b]indole",247-03-0,0.000592534070709066
tert-Dodecanethiol,25103-58-6,9.9770527786092e-05
7:3 Fluorotelomer alcohol,25600-66-2,0.00477279506811176
delta-Tocotrienol,25612-59-3,0.655303408977307
Hexyl decyl phthalate,25724-58-7,0.418510068445591
"1,1,1,2,2,3-Hexachlorohexane",26264-54-0,0.000502411575562701
"3H-2,3-Benzodiazepine",264-24-4,0.000198550580760449
"2-(Perfluoropropoxy)-1H,1H-perfluoropropanol",26537-88-2,0.0181417259697304
"Naphtho(2,3-b)thiophene",268-77-9,0.0475469412477287
2H-Isoindole,270-68-8,0.000604107933950866
6:3 Fluorotelomer carboxylic acid,27854-30-4,0.00322202694786175
Heptachlor epoxide A,28044-83-9,9.97406742469579e-05
"2,7-Di-tert-butyl-9-fluorenylmethyl chloroformate",287381-46-8,0.0820138043036947
"1,4-Thiazepine",292-14-8,0.000502866338127326
Perfluorooctanamidine,307-31-3,0.00420757363253857
Monoisobutyl phthalate,30833-53-5,0.000401042711048727
"1,2,3,4,6,7,8,9,10,10,11,11-dodecachloro-1,4,4a,5a,6,9,9a,9b-octahydro-1,4:6,9-dimethanodibenzofuran",31107-44-5,0.154435483870968
"1,2,5,6-Tetrabromocyclooctane",3194-57-8,0.000300902708124373
"2,4-Dichloro-1-(trifluoromethyl)benzene",320-60-5,0.000100421771440048
"3,5-Dichlorosalicylic acid",320-72-9,0.000789032448959463
"1,3-Butanedione, 4,4,4-trifluoro-1-(2-thienyl)-",326-91-0,0.00101978380583316
BDE-69,327185-09-1,0.00497067302912814
"1,2-Dichloro-4-(trifluoromethyl)benzene",328-84-7,9.9770527786092e-05
"1H,1H,7H-Dodecafluoro-1-heptanol",335-99-9,0.000801201802704056
BDE-38,337513-54-9,0.00100260677762182
BDE-48,337513-55-0,0.00574538856970064
BDE-41,337513-68-5,0.00231271995977878
BDE-203,337513-72-1,0.365263571990559
BDE-57,337513-82-3,0.00991375037176564
"1,1-Dimethylpropyl hydroperoxide",3425-61-4,0.000788721285615696
Miconidin,34272-58-7,0.00171890798786653
2-(Perfluorohexyl)ethanethiol,34451-26-8,0.000503930659141302
C.I. Pigment Orange 5,3468-63-1,0.000491738788355626
Bromochloroiodomethane,34970-00-8,0.000200561572402728
"1,8-Divinylperfluorooctane",35192-44-0,0.129016214065453
"1,1'-Biphenyl, heptabromo-",35194-78-6,0.0137777327525073
"1H,1H-Perfluorohexylamine",355-34-0,0.00130091063744621
"4,4'-Dibromobenzil",35578-47-3,0.00019671486180781
Tetrabutyl ethylidenebisphenol,35958-30-6,0.0991535671100363
"Benzene, 1,1'-(2,2,2-trifluoroethylidene)bis(4-chloro- (9CI)",361-07-9,0.000101667344448963
"1,2,3-Tribromo-5-(3,4-dibromophenoxy)benzene",366791-32-4,0.0404489837192841
Chlordene,3734-48-3,0.000202020202020202
Nonachlor,3734-49-4,0.00059743104650005
2-(Dimethylamino)phenol,3743-22-4,9.88435306909163e-05
6:1 Fluorotelomer alcohol,375-82-6,0.00397456279809221
"3,3',4-Trichlorobiphenyl",37680-69-6,0.0010960542048625
Perfluoro-3-methoxypropanoic acid,377-73-1,0.000101183851057371
"1,2-Bis(2,4,6-tribromophenoxy)ethane",37853-59-1,0.0190599740544856
Ammonium perfluorooctanoate,3825-26-1,0.223669816011934
"1,1'-Biphenyl, 2,3,4,5,6-pentabromo-",38421-62-4,0.00020224491859642
"3,4',5-Trichlorobiphenyl",38444-88-1,0.00040048057669203
"3,4,4'-Trichlorobiphenyl",38444-90-5,0.000401324370422394
"1,3,5-Tribromo-2-(2,3-dibromophenoxy)benzene",38463-82-0,0.011290967226219
"Propane, 1-(methylthio)-",3877-15-4,0.000198925800676348
Ethyl protocatechuate,3943-89-3,0.00200160128102482
Photomirex,39801-14-4,0.00171112229491696
"D-Glucopyranose, pentakis(3,4,5-trihydroxybenzoate)",40410-94-4,0.128721804511278
"1,2,3,4-Tetrabromo-5-(3,4-dibromophenoxy)benzene",405237-85-6,0.0918317075573948
"1,2,3,4,5-Pentabromo-6-(2,5-dibromophenoxy)benzene",405237-86-7,0.192878635907723
"1,2,3,4,5-Pentabromo-6-(3,5-dibromophenoxy)benzene",407578-53-4,0.231166253101737
"1,3-Dibromo-5-(4-bromophenoxy)benzene",407606-57-9,0.00181341930284102
7H-Perfluoroheptanoyl chloride,41405-35-0,0.0143827407111466
"2,2',3,6'-Tetrachlorobiphenyl",41464-47-5,0.000502916918125126
"1,2,4-Tribromo-5-(3,5-dibromophenoxy)benzene",417727-71-0,0.041948310139165
Ethyl phenyl sulfate,41795-33-9,0.0001998001998002
"1,1,1-Trifluoroethane",420-46-2,0.000100070049034324
5:1 Fluorotelomer alcohol,423-46-1,0.0006000600060006
"1,8-Dinitropyrene",42397-65-9,9.97904400758407e-05
"2,2',3,3',4,5,5',6,6'-nonabromodiphenyl ether",437701-78-5,0.655500495540139
BDE-207,437701-79-6,0.609005930244246
Protriptyline,438-60-8,0.0012202562538133
"Phenol, 4,4'-(4,5,6,7-tetrabromo-1,1-dioxido-3H-2,1-benzoxathiol-3-ylidene)bis[2,6-dibromo-",4430-25-5,0.19005076142132
BDE-22,446254-15-5,0.000398446060364578
BDE-23,446254-16-6,0.000404776361060514
BDE-34,446254-17-7,0.00111223458038423
BDE-42,446254-18-8,0.00653271305552806
BDE-43,446254-19-9,0.00397732922342647
BDE-44,446254-20-2,0.00643604183427192
BDE-45,446254-21-3,0.00275862068965517
BDE-46,446254-22-4,0.00239162929745889
BDE-50,446254-23-5,0.00331059390048154
BDE-53,446254-25-7,0.00581570239647047
"1,2,3-Tribromo-4-(3-bromophenoxy)benzene",446254-27-9,0.00490785256410256
BDE-58,446254-29-1,0.0113693530536271
BDE-59,446254-30-4,0.00327445921809883
BDE-60,446254-31-5,0.00649740103958417
BDE-61,446254-32-6,0.00336967294350842
BDE-62,446254-33-7,0.00263852242744063
BDE-63,446254-34-8,0.00897448825249571
BDE-64,446254-35-9,0.0043995600439956
BDE-65,446254-36-0,0.00333670374115268
BDE-67,446254-37-1,0.00963468486551586
"2,4-Dibromo-1-(3,5-dibromophenoxy)benzene",446254-38-2,0.0118497690299257
BDE-73,446254-41-7,0.00674451379102074
BDE-74,446254-42-8,0.00920276082824847
BDE-76,446254-43-9,0.00460414372935642
BDE-78,446254-45-1,0.00841187797709537
BDE-86,446254-53-1,0.0213124504361618
BDE-87,446254-54-2,0.0374494924608259
BDE-88,446254-55-3,0.0253214638971316
BDE-89,446254-56-4,0.026031237484982
"1,2,5-Tribromo-3-(2,4-dibromophenoxy)benzene",446254-57-5,0.0406496062992126
BDE-91,446254-58-6,0.0351392405063291
BDE-92,446254-59-7,0.0580187737167965
"1,2,4,5-Tetrabromo-3-(2-bromophenoxy)benzene",446254-60-0,0.0112211888394662
BDE-94,446254-61-1,0.0284102357445094
BDE-102,446254-66-6,0.0324302946410916
BDE-103,446254-67-7,0.0444108761329305
BDE-104,446254-68-8,0.0258175559380379
BDE-106,446254-69-9,0.0360642885143081
BDE-108,446254-71-3,0.0585724213243324
BDE-109,446254-72-4,0.0300812192920886
BDE-111,446254-74-6,0.0639815186822017
BDE-114,446254-77-9,0.0365087281795511
BDE-115,446254-78-0,0.0347257171615501
BDE-117,446254-79-1,0.0387777890569485
BDE-121,446254-81-5,0.0626254516258531
BDE-122,446254-82-6,0.0471029173419773
BDE-123,446254-83-7,0.0595821253623913
BDE-124,446254-84-8,0.053942327082073
BDE-125,446254-85-9,0.0389362769693929
BDE-127,446254-86-0,0.0745649534601376
BDE-129,446254-87-1,0.106325301204819
"1,2,3-Tribromo-4-(2,3,5-tribromophenoxy)benzene",446254-88-2,0.148985565761583
BDE-131,446254-89-3,0.106939020726945
BDE-135,446254-93-9,0.116026543334004
BDE-137,446254-95-1,0.130434782608696
"1,2,3,5-Tetrabromo-4-(2,4-dibromophenoxy)benzene",446254-96-2,0.065178213856628
BDE-141,446254-97-3,0.157748436414177
BDE-143,446254-99-5,0.0969886191962937
BDE-144,446255-00-1,0.119438638399522
BDE-145,446255-01-2,0.0904126213592233
BDE-146,446255-02-3,0.166716522085951
BDE-148,446255-03-4,0.146020347097546
BDE-150,446255-05-6,0.100999899000101
BDE-151,446255-06-7,0.134196117471379
BDE-157,446255-08-9,0.133214037180634
BDE-158,446255-09-0,0.133712234519892
BDE-160,446255-11-4,0.0913169175555777
BDE-161,446255-12-5,0.142602318898028
BDE-162,446255-13-6,0.148885111488851
BDE-165,446255-16-9,0.155982690953004
BDE-167,446255-17-0,0.171637309847878
BDE-171,446255-19-2,0.218346384623208
BDE-180,446255-26-1,0.286251015434606
"1,2,3,5-Tetrabromo-4-(3,4,5-tribromophenoxy)benzene",446255-30-7,0.206330365974283
PBDE 195,446255-38-5,0.139310483465675
BDE-196,446255-39-6,0.355446927374302
BDE-198,446255-42-1,0.439629408248655
BDE-199,446255-43-2,0.453067331670823
BDE-200,446255-46-5,0.392609470972855
BDE-201,446255-50-1,0.403686449260685
"2,2',3,4,4',5,6,6'-Octabromodiphenyl ether",446255-54-5,0.34261220373172
PBDE 205,446255-56-7,0.162648221343874
"N,N'-Bis[2-hydroxy-5-(trifluoromethyl)phenyl]urea",448895-37-2,0.000300932891965092
2-(Trifluoromethoxy)chlorobenzene,450-96-4,0.00251205787781351
Diethoxymethane,462-95-3,9.97506234413965e-05
"Benzenesulfonamide, N,N-dichloro-4-methyl-",473-34-7,0.000103050288540808
Funiculosin (anthraquinone),476-56-2,0.00345167652859961
"Ethanone, 1-(2,5-dihydroxyphenyl)-",490-78-8,9.97506234413965e-05
1H-2-Benzopyran-1-one,491-31-6,9.9930048965724e-05
1-(2-Chloroethyl)pyrrolidine,5050-41-9,0.000504133897963299
cis-Chlordane,5103-71-9,0.000200260338439972
trans-Chlordane,5103-74-2,0.000199084212621939
Canthaxanthin,514-78-3,0.785315324464304
"7,8-Dibromo-1,2,3,4,11,11-hexachloro-1,4,4a,5,6,7,8,9,10,10a-decahydro-1,4-methanobenzocyclooctene",51936-55-1,0.00138067061143984
BDE-168,53551-87-4,0.153775883069428
Octyl hydrogen phthalate,5393-19-1,0.00847204226054022
3-(Trifluoromethyl)-o-toluidine,54396-44-0,0.0146341463414634
"1,2,3-Trichlorodibenzo-p-dioxin",54536-17-3,0.000304136253041363
1-Methoxyindole,54698-11-2,0.00361772686162195
Thymol iodide,552-22-7,0.032545563789305
C.I. Disperse Orange 61,55281-26-0,0.0169712793733682
"2,4-Dimethylpentan-3-one",565-80-0,0.0261911957288204
Chlordane,57-74-9,0.000199381916060213
"2,3,4,7,8-Pentachlorodibenzofuran",57117-31-4,0.000603621730382294
"1,2,3,7,8-Pentachlorodibenzofuran",57117-41-6,9.9930048965724e-05
Closantel,57808-65-8,0.272490482869165
3-chloro-5-methylphenol,58291-77-3,0.000715015321756895
3-Pentanol,584-02-1,0.000199302441454908
"1,1-Diiodoethane",594-02-5,0.000399042298483639
"4',5'-Dibromo-3',6'-dihydroxyspiro(isobenzofuran-1(3H),9'-(9H)xanthene)-3-one",596-03-2,0.0355354864042407
"3,3',4,4',5,5'-Hexabromobiphenyl",60044-26-0,0.0116136919315403
Pentan-2-ol,6032-29-7,0.0325680186102963
"2-(2,2-Dibromoethenyl)-1,1-dimethylcyclopropane",61775-29-9,0.0128192187342283
JWH-122,619294-47-2,0.0173027486652165
"3,3-Dimethyl-1-butanol",624-95-3,0.000101461038961039
1-Ethoxybutane,628-81-9,9.91178511249876e-05
Ethylene glycol dinitrate,628-96-6,0.00130338881090836
"1,1,1,2-Tetrabromoethane",630-16-0,0.000101235067827495
"1,2,3,4,5-Pentabromo-6-(2,3,4,5-tetrabromophenoxy)benzene",63387-28-0,0.643870059338228
"2-Naphthalenamine, N-ethyl-1-[2-[4-(2-phenyldiazenyl)phenyl]diazenyl]-",6368-72-5,0.00180904522613065
6:2 Fluorotelomer alcohol,647-42-7,0.0301719802876395
"Butanamide, 2-[2-(4-chloro-2-nitrophenyl)diazenyl]-N-(2-chlorophenyl)-3-oxo-",6486-23-3,0.0031398764306695
Benzoic acid,65-85-0,0.00020185708518369
Naftifine,65472-88-0,0.00586015097338101
CHEMBL253690,65487-76-5,0.000811688311688312
"2',3,4,4',5-Pentachlorobiphenyl",65510-44-3,0.000988630746416213
"2,2-bis(Trifluoromethyl)-2-hydroxyacetic acid",662-22-6,0.00223964165733483
"1-(4-Chlorophenyl)-4,4-dimethyl-pentan-3-one",66346-01-8,0.000302877334679455
Tralomethrin,66841-25-6,0.0144723618090452
"3,3,3-Trifluoro-1-propene",677-21-4,0.000201734920314706
Perfluorosuberic acid,678-45-5,0.000203624516391774
"Dibenzofuran, 1,2,3,4,6,8,9-heptachloro-",69698-58-4,0.00217735550277118
"2,2',3,5-Tetrachlorobiphenyl",70362-46-8,0.000296091590998816
"2,3',4',5'-Tetrachlorobiphenyl",70362-48-0,0.00039848575413429
1-Pentanol,71-41-0,0.00139165009940358
"1,1,1-Trichloroethane",71-55-6,0.015440144375376
[4-(Dimethylamino)phenyl]bis[4-(ethylamino)-3-methylphenyl]methylium acetate,72102-55-7,0.00172623883021933
Methyl bromide,74-83-9,9.99900009999e-05
"1,1'-Biphenyl, 2,3',4,4',5'-pentabromo-",74114-77-5,0.000997108385681524
CHEMBL491516,74849-07-3,9.98701687805852e-05
"2,2-Dimethylpropanol",75-84-3,0.00775037745344741
Monocyclohexyl phthalate,7517-36-4,9.86777185711466e-05
"Phenol, 4,4'-(1,1-dioxido-3H-2,1-benzoxathiol-3-ylidene)bis[5-methyl-2-(1-methylethyl)-",76-61-9,0.000202778059413971
"1,3,8-Trichlorodibenzofuran",76621-12-0,0.000804586141003721
Squalene,7683-64-9,1
Pentabromoacetone,79-49-2,0.000795624067628046
"Benzene, 2,2,2-tribromoethoxy-",79080-55-0,0.00139776357827476
Methyl benzenesulphonate,80-18-2,0.000198688654877806
Diafenthiuron,80060-09-9,0.000703659026940088
Perfluoro-4-isopropoxybutanoic acid,801212-59-9,0.00394018993736108
CHEMBL150098,80246-27-1,0.100331425128051
3-(Perfluorohexyl)propanol,80806-68-4,0.000803374171520386
3-Perfluoroheptylpropanoic acid,812-70-4,0.0118640659561633
"1,1'-Biphenyl, 2,2',4,4',5-pentabromo-",81397-99-1,0.000303490136570562
"1,2,3,4,6-Pentachlorodibenzofuran",83704-47-6,0.000403591968519827
"1,2,3,4,7-Pentachlorodibenzofuran",83704-48-7,0.00118694362017804
"1,1'-Ethane-1,2-diylbis(pentabromobenzene)",84852-53-9,0.694438907713773
Perfluoro(4-methoxybutanoic) acid,863090-89-5,0.000101461038961039
N-Vinyl-2-pyrrolidone,88-12-0,0.000403795679386231
"1,2-Benzenedicarbonyl dichloride",88-95-9,0.00150511739915713
N-Methylperfluoroheptanamide,89932-74-1,0.00120627261761158
"Naphthalene, 1-iodo-",90-14-2,0.000600901352028042
"6,6'-Di-tert-butyl-2,2'-thiodi-p-cresol",90-66-4,0.00807738332668528
"1H,1H,8H,8H-Perfluorooctane-1,8-diol",90177-96-1,9.89511181476351e-05
Ammonium glycyrrhizinate trihydrate,911217-00-0,0.00870253164556962
Didemethylfenflumizole,91401-22-8,0.000100240577385726
"1H,1H,1H,2H-Perfluoro-2-heptanol",914637-05-1,0.000495245641838352
Perfluoropinacol,918-21-8,0.000507305194805195
"2,3,6-Tribromo-5-(2,4,5-tribromophenoxy)phenol",918404-67-8,0.179580674567001
"1,1'-(1,2-Dichloroethene-1,2-diyl)bis(4-chlorobenzene)",93040-25-6,0.000298388701014522
"1,2,3-Benzotriazole",95-14-7,0.00231761386537686
Iophenoxic acid,96-84-4,0.000703800522823246
"1,5-Dibromo-3-(2,4-dibromophenoxy)-2-methoxybenzene",96920-28-4,0.00050251256281407
Acetophenone,98-86-2,0.00620310155077539
Niacinamide,98-92-0,0.00010067451927917
